insert into Avaliador(idAvaliador, nome, email) values(1, 'João da Silva', 'joaodasilva@gmail.com')
insert into Avaliador(idAvaliador, nome, email) values(2, 'Americo Silva', 'americosilva@gmail.com')
insert into Avaliador(idAvaliador, nome, email) values(3, 'José Cerqueira', 'josecerq@gmail.com')
insert into Avaliador(idAvaliador, nome, email) values(4, 'Mariana Santos', 'marianasantos@hotmail.com')
insert into Avaliador(idAvaliador, nome, email) values(5, 'Marcos Silva', 'marcosilva@hotmail.com')

insert into Tema(idTema, descricao) values(1, 'Tecnologia')
insert into Tema(idTema, descricao) values(2, 'Financeiro')
insert into Tema(idTema, descricao) values(3, 'Educação')
insert into Tema(idTema, descricao) values(4, 'Esportes')
insert into Tema(idTema, descricao) values(5, 'Saúde')

insert into Edicao(numero, avaliadorChefe, tema, volume, mes, ano) values(1, 2, 1, 5, 5, 2017)
insert into Edicao(numero, avaliadorChefe, tema, volume, mes, ano) values(2, 1, 4, 1, 1, 2018)
insert into Edicao(numero, avaliadorChefe, tema, volume, mes, ano) values(3, 1, 5, 2, 2, 2018)
insert into Edicao(numero, avaliadorChefe, tema, volume, mes, ano) values(4, 2, 1, 3, 3, 2018)
insert into Edicao(numero, avaliadorChefe, tema, volume, mes, ano) values(5, 3, 5, 4, 4, 2018)
insert into Edicao(numero, avaliadorChefe, tema, volume, mes, ano) values(6, 4, 3, 5, 5, 2018)

insert into Autor(idAutor, nome, email) values(1, 'Marcos Costa', 'marcoscosta@hotmail.com')
insert into Autor(idAutor, nome, email) values(2, 'Marcela Almeida', 'marcelaalmeida@gmail.com')
insert into Autor(idAutor, nome, email) values(3, 'Adriano Flores', 'adrianoflores@hotmail.com')
insert into Autor(idAutor, nome, email) values(4, 'Barbara Alves', 'barbaalves@gmail.com')
insert into Autor(idAutor, nome, email) values(5, 'Henrique Santos', 'henriqsantos@hotmail.com')

insert into Artigo(idArtigo, edicao, autorContato, titulo, arquivo, statusArtigo) values(1, 1, 1, 'Benefícios da Tecnologia', 'C:/Downloads/Marcoscosta', 'E')
insert into Artigo(idArtigo, edicao, titulo, arquivo, statusArtigo) values(2, 1, 'Preço da Tecnologia', 'C:/Downloads/AdrianoFlores', 'A')
insert into Artigo(idArtigo, edicao, titulo, arquivo, statusArtigo) values(3, 2, 'Esportes no Brasil', 'C:/Downloads/BarbaraAlves', 'E')
insert into Artigo(idArtigo, edicao, titulo, arquivo, statusArtigo) values(4, 3, 'Efeitos de uma Cirurgia', 'C:/Downloads/Marcoscosta', 'A')
insert into Artigo(idArtigo, edicao, titulo, arquivo, statusArtigo) values(5, 4, 'Pesadelo Tecnológico', 'C:/Downloads/Marcoscosta', 'E')

insert into Instituicao(idInstituicao, endereco, bairro, cidade, estado) values(1, 'Rua dos Italianos', 'Flores', 'Cotia', 'SP')
insert into Instituicao(idInstituicao, endereco, bairro, cidade, estado) values(2, 'Av. Barbosa', 'Água Branca', 'Contagem', 'MG')
insert into Instituicao(idInstituicao, endereco, bairro, cidade, estado) values(3, 'Rua do Ouro', 'Alta Vista', 'Florianópolis', 'SC')
insert into Instituicao(idInstituicao, endereco, bairro, cidade, estado) values(4, 'Rua do Diamante', 'Nossa Senhora', 'São Paulo', 'SP')
insert into Instituicao(idInstituicao, endereco, bairro, cidade, estado) values(5, 'Av. Rio Negro', 'Central', 'Água Limpa', 'AM')

insert into ClientePessoa(cpf, nome, sexo, identidade, dataNasc) values('11111111111', 'Adriano Almeida', 'M', '1111111111', convert(datetime, '25-08-1990',103))
insert into ClientePessoa(cpf, nome, sexo, identidade, dataNasc) values('22222222222', 'Amanda Silva', 'F', '2222222222', convert(datetime, '12-04-1995',103))
insert into ClientePessoa(cpf, nome, sexo, identidade, dataNasc) values('33333333333', 'Carlos Conceição', 'M', '3333333333', convert(datetime, '02-01-1984',103))
insert into ClientePessoa(cpf, nome, sexo, identidade, dataNasc) values('44444444444', 'Bruno Fagundes', 'M', '4444444444', convert(datetime, '30-10-1997',103))
insert into ClientePessoa(cpf, nome, sexo, identidade, dataNasc) values('55555555555', 'Gabriela Gonçalves', 'F', '5555555555', convert(datetime, '15-12-1980',103))

insert into ClienteEmpresa(cnpj, responsavel, razaoSocial) values('11111111111111', '11111111111', 'Grenn Madeireira Ltda')
insert into ClienteEmpresa(cnpj, responsavel, razaoSocial) values('22222222222222', '22222222222', 'Sub Informática Ltda')
insert into ClienteEmpresa(cnpj, responsavel, razaoSocial) values('33333333333333', '33333333333', 'Cap Café Ltda')
insert into ClienteEmpresa(cnpj, responsavel, razaoSocial) values('44444444444444', '44444444444', 'Gil Materiais de Construção Ltda')
insert into ClienteEmpresa(cnpj, responsavel, razaoSocial) values('55555555555555', '55555555555', 'Supermercado Sol Ltda')

insert into Cliente(idCliente, email, endereco, bairro, cidade, estado, pessoa) values(1, 'adrianoalm@gmail.com', 'Av. Barbosa', 'Água Branca', 'Contagem', 'MG', '11111111111')
insert into Cliente(idCliente, email, endereco, bairro, cidade, estado, pessoa) values(2, 'amandas@hotmail.com', 'Rua do Ouro', 'Alta Vista', 'Florianópolis', 'SC', '22222222222')
insert into Cliente(idCliente, email, endereco, bairro, cidade, estado, pessoa) values(3, 'carlosconcei@gmail.com', 'Av. Rio Negro', 'Central', 'Água Limpa', 'AM', '33333333333')
insert into Cliente(idCliente, email, endereco, bairro, cidade, estado, pessoa) values(4, 'brunofagun@gmail.com', 'Rua dos Monarcas', 'Centro', 'Alcobaça', 'BA', '44444444444')
insert into Cliente(idCliente, email, endereco, bairro, cidade, estado, pessoa) values(5, 'grabrielagoncal@gmail.com', 'Rua dos Espartanos', 'Nova Grécia', 'Blumenau', 'SC', '55555555555')
insert into Cliente(idCliente, email, endereco, bairro, cidade, estado, empresa) values(6, 'grennmadeireira@hotmail.com', 'Av. Indianópolis, 1400', 'Indianópolis', 'São Paulo', 'SP', '11111111111111')
insert into Cliente(idCliente, email, endereco, bairro, cidade, estado, empresa) values(7, 'subinfor@gmail.com', 'Av. Aurora', 'Alvorecer', 'Jequié', 'BA', '22222222222222')
insert into Cliente(idCliente, email, endereco, bairro, cidade, estado, empresa) values(8, 'capcafe@hotmail.com', 'Rua dos Gaúchos', 'Centro', 'Porto Alegre', 'RS', '33333333333333')
insert into Cliente(idCliente, email, endereco, bairro, cidade, estado, empresa) values(9, 'gilconstrucao@gmail.com', 'Rua dos Japoneses', 'Japão Novo', 'Boa Vista', 'RO', '44444444444444')
insert into Cliente(idCliente, email, endereco, bairro, cidade, estado, empresa) values(10, 'solsupermercado@gmail.com', 'Rua dos Guaranis', 'Iapi', 'Salvador', 'BA', '55555555555555')

insert into Avaliacao(idAvaliacao, avaliador, artigo, originalidade, conteudo, apresentacao) values(1, 1, 1, 5, 9, 8)
insert into Avaliacao(idAvaliacao, avaliador, artigo, originalidade, conteudo, apresentacao) values(2, 2, 1, 9, 7, 7)
insert into Avaliacao(idAvaliacao, avaliador, artigo, originalidade, conteudo, apresentacao) values(3, 4, 1, 2, 5, 8)
insert into Avaliacao(idAvaliacao, avaliador, artigo, originalidade, conteudo, apresentacao) values(4, 4, 2, 7, 8, 7)
insert into Avaliacao(idAvaliacao, avaliador, artigo, originalidade, conteudo, apresentacao) values(5, 2, 3, 10, 9, 7)

insert into AvaliadorTema(idAvaliadorTema, avaliador, tema) values(1, 1, 1)
insert into AvaliadorTema(idAvaliadorTema, avaliador, tema) values(2, 2, 1)
insert into AvaliadorTema(idAvaliadorTema, avaliador, tema) values(3, 4, 1)
insert into AvaliadorTema(idAvaliadorTema, avaliador, tema) values(4, 4, 4)
insert into AvaliadorTema(idAvaliadorTema, avaliador, tema) values(5, 2, 5)
insert into AvaliadorTema(idAvaliadorTema, avaliador, tema) values(6, 4, 3)

insert into Selecao(idSelecao, artigo, edicao) values(1, 1, 1)
insert into Selecao(idSelecao, artigo, edicao) values(2, 5, 1)
insert into Selecao(idSelecao, artigo, edicao) values(3, 4, 2)
insert into Selecao(idSelecao, artigo, edicao) values(4, 3, 3)

insert into AutorArtigo(idAutorArtigo, autor, artigo) values(1, 1, 1)
insert into AutorArtigo(idAutorArtigo, autor, artigo) values(2, 2, 1)
insert into AutorArtigo(idAutorArtigo, autor, artigo) values(3, 3, 1)
insert into AutorArtigo(idAutorArtigo, autor, artigo) values(4, 4, 2)
insert into AutorArtigo(idAutorArtigo, autor, artigo) values(5, 5, 3)
insert into AutorArtigo(idAutorArtigo, autor, artigo) values(6, 3, 4)
insert into AutorArtigo(idAutorArtigo, autor, artigo) values(7, 2, 5)

insert into AutorInstituicao(idAutorInstituicao, autor, instituicao) values(1, 1, 1)
insert into AutorInstituicao(idAutorInstituicao, autor, instituicao) values(2, 2, 2)
insert into AutorInstituicao(idAutorInstituicao, autor, instituicao) values(3, 3, 3)
insert into AutorInstituicao(idAutorInstituicao, autor, instituicao) values(4, 4, 4)
insert into AutorInstituicao(idAutorInstituicao, autor, instituicao) values(5, 5, 5)

insert into Assinatura(idAssinatura, cliente, edicaoInicial, desconto) values(1, 1, 1, 0)
insert into Assinatura(idAssinatura, cliente, edicaoInicial, desconto) values(2, 2, 2, 5)
insert into Assinatura(idAssinatura, cliente, edicaoInicial, desconto) values(3, 3, 2, 0)
insert into Assinatura(idAssinatura, cliente, edicaoInicial, desconto) values(4, 4, 4, 0)
insert into Assinatura(idAssinatura, cliente, edicaoInicial, desconto) values(5, 5, 5, 0)
insert into Assinatura(idAssinatura, cliente, edicaoInicial, desconto) values(6, 6, 1, 0)
insert into Assinatura(idAssinatura, cliente, edicaoInicial, desconto) values(7, 7, 1, 0)
insert into Assinatura(idAssinatura, cliente, edicaoInicial, desconto) values(8, 8, 1, 0)
insert into Assinatura(idAssinatura, cliente, edicaoInicial, desconto) values(9, 9, 3, 0)
insert into Assinatura(idAssinatura, cliente, edicaoInicial, desconto) values(10, 10, 5, 0)

insert into Pagamento(idPagamento, cliente, valor, admCartao, numCartao, valCartao, codCartao) values(1, 1, 100, 'Mastercard', '1111111111111111', convert(datetime, '2021/02/01', 111), '111')
insert into Pagamento(idPagamento, cliente, valor, admCartao, numCartao, valCartao, codCartao) values(2, 2, 100, 'Visa', '2222222222222222', convert(datetime, '2020/06/01', 111), '222')
insert into Pagamento(idPagamento, cliente, valor, admCartao, numCartao, valCartao, codCartao) values(3, 3, 100, 'AmericanExpress', '3333333333333333', convert(datetime, '2019/05/01', 111), '333')
insert into Pagamento(idPagamento, cliente, valor, admCartao, numCartao, valCartao, codCartao) values(4, 4, 100, 'Mastercard', '4444444444444444', convert(datetime, '2020/10/01', 111), '444')
insert into Pagamento(idPagamento, cliente, valor, admCartao, numCartao, valCartao, codCartao) values(5, 5, 100, 'Visa', '5555555555555555', convert(datetime, '2022/09/01', 111), '555')
insert into Pagamento(idPagamento, cliente, valor, admCartao, numCartao, valCartao, codCartao) values(6, 6, 100, 'Visa', '6666666666666666', convert(datetime, '2021/02/01', 111), '666')

insert into PagamentoAssinatura(idPagamentoAssinatura, pagamento, assinatura) values(1, 1, 1)
insert into PagamentoAssinatura(idPagamentoAssinatura, pagamento, assinatura) values(2, 2, 2)
insert into PagamentoAssinatura(idPagamentoAssinatura, pagamento, assinatura) values(3, 3, 4)
insert into PagamentoAssinatura(idPagamentoAssinatura, pagamento, assinatura) values(4, 4, 3)
insert into PagamentoAssinatura(idPagamentoAssinatura, pagamento, assinatura) values(5, 1, 1)
insert into PagamentoAssinatura(idPagamentoAssinatura, pagamento, assinatura) values(6, 5, 5)
insert into PagamentoAssinatura(idPagamentoAssinatura, pagamento, assinatura) values(7, 6, 6)